"﻿1","Afghanistan","Афганистан","Islamic State of Afghanistan","Independent State",,,"Kabul","AFN","Afghani","+93","AF","AFG","004",".af","Чужбина|Чужбина извън ЕС|Чужбина извън Еврозона"
"2","Albania","Албания","Republic of Albania","Independent State",,,"Tirana","ALL","Lek","+355","AL","ALB","008",".al","Чужбина|Чужбина извън ЕС|Чужбина извън Еврозона"
"3","Algeria","Алжир","People's Democratic Republic of Algeria","Independent State",,,"Algiers","DZD","Dinar","+213","DZ","DZA","012",".dz","Чужбина|Чужбина извън ЕС|Чужбина извън Еврозона"
"4","Andorra","Андора","Principality of Andorra","Independent State",,,"Andorra la Vella","EUR","Euro","+376","AD","AND","020",".ad","Чужбина|Чужбина извън ЕС|Чужбина извън Еврозона"
"5","Angola","Ангола","Republic of Angola","Independent State",,,"Luanda","AOA","Kwanza","+244","AO","AGO","024",".ao","Чужбина|Чужбина извън ЕС|Чужбина извън Еврозона"
"6","Antigua and Barbuda","Антигуа и Барбуда",,"Independent State",,,"Saint John's","XCD","Dollar","+1-268","AG","ATG","028",".ag","Чужбина|Чужбина извън ЕС|Чужбина извън Еврозона"
"7","Argentina","Аржентина","Argentine Republic","Independent State",,,"Buenos Aires","ARS","Peso","+54","AR","ARG","032",".ar","Чужбина|Чужбина извън ЕС|Чужбина извън Еврозона"
"8","Armenia","Армения","Republic of Armenia","Independent State",,,"Yerevan","AMD","Dram","+374","AM","ARM","051",".am","Чужбина|Чужбина извън ЕС|Чужбина извън Еврозона"
"9","Australia","Австралия","Commonwealth of Australia","Independent State",,,"Canberra","AUD","Dollar","+61","AU","AUS","036",".au","Чужбина|Чужбина извън ЕС|Чужбина извън Еврозона"
"10","Austria","Австрия","Republic of Austria","Independent State",,,"Vienna","EUR","Euro","+43","AT","AUT","040",".at","Чужбина|Европейски съюз|Чужбина ЕС|Еврозона"
"11","Azerbaijan","Азербайджан","Republic of Azerbaijan","Independent State",,,"Baku","AZN","Manat","+994","AZ","AZE","031",".az","Чужбина|Чужбина извън ЕС|Чужбина извън Еврозона"
"12","Bahamas, The","Бахамските острови","Commonwealth of The Bahamas","Independent State",,,"Nassau","BSD","Dollar","+1-242","BS","BHS","044",".bs","Чужбина|Чужбина извън ЕС|Чужбина извън Еврозона"
"13","Bahrain","Бахрейн","Kingdom of Bahrain","Independent State",,,"Manama","BHD","Dinar","+973","BH","BHR","048",".bh","Чужбина|Чужбина извън ЕС|Чужбина извън Еврозона"
"14","Bangladesh","Бангладеш","People's Republic of Bangladesh","Independent State",,,"Dhaka","BDT","Taka","+880","BD","BGD","050",".bd","Чужбина|Чужбина извън ЕС|Чужбина извън Еврозона"
"15","Barbados","Барбадос",,"Independent State",,,"Bridgetown","BBD","Dollar","+1-246","BB","BRB","052",".bb","Чужбина|Чужбина извън ЕС|Чужбина извън Еврозона"
"16","Belarus","Беларус","Republic of Belarus","Independent State",,,"Minsk","BYR","Ruble","+375","BY","BLR","112",".by","Чужбина|Чужбина извън ЕС|Чужбина извън Еврозона"
"17","Belgium","Белгия","Kingdom of Belgium","Independent State",,,"Brussels","EUR","Euro","+32","BE","BEL","056",".be","Чужбина|Европейски съюз|Чужбина ЕС|Еврозона"
"18","Belize","Белиз",,"Independent State",,,"Belmopan","BZD","Dollar","+501","BZ","BLZ","084",".bz","Чужбина|Чужбина извън ЕС|Чужбина извън Еврозона"
"19","Benin","Бенин","Republic of Benin","Independent State",,,"Porto-Novo","XOF","Franc","+229","BJ","BEN","204",".bj","Чужбина|Чужбина извън ЕС|Чужбина извън Еврозона"
"20","Bhutan","Бутан","Kingdom of Bhutan","Independent State",,,"Thimphu","BTN","Ngultrum","+975","BT","BTN","064",".bt","Чужбина|Чужбина извън ЕС|Чужбина извън Еврозона"
"21","Bolivia","Боливия","Republic of Bolivia","Independent State",,,"La Paz (administrative/legislative) and Sucre (judical)","BOB","Boliviano","+591","BO","BOL","068",".bo","Чужбина|Чужбина извън ЕС|Чужбина извън Еврозона"
"22","Bosnia and Herzegovina","Босна и Херцеговина",,"Independent State",,,"Sarajevo","BAM","Marka","+387","BA","BIH","070",".ba","Чужбина|Чужбина извън ЕС|Чужбина извън Еврозона"
"23","Botswana","Ботсуана","Republic of Botswana","Independent State",,,"Gaborone","BWP","Pula","+267","BW","BWA","072",".bw","Чужбина|Чужбина извън ЕС|Чужбина извън Еврозона"
"24","Brazil","Бразилия","Federative Republic of Brazil","Independent State",,,"Brasilia","BRL","Real","+55","BR","BRA","076",".br","Чужбина|Чужбина извън ЕС|Чужбина извън Еврозона"
"25","Brunei","Бруней","Negara Brunei Darussalam","Independent State",,,"Bandar Seri Begawan","BND","Dollar","+673","BN","BRN","096",".bn","Чужбина|Чужбина извън ЕС|Чужбина извън Еврозона"
"26","Bulgaria","България","Republic of Bulgaria","Independent State",,,"Sofia","BGN","Lev","+359","BG","BGR","100",".bg","България|Европейски съюз"
"27","Burkina Faso","Буркина Фасо",,"Independent State",,,"Ouagadougou","XOF","Franc","+226","BF","BFA","854",".bf","Чужбина|Чужбина извън ЕС|Чужбина извън Еврозона"
"28","Burundi","Бурунди","Republic of Burundi","Independent State",,,"Bujumbura","BIF","Franc","+257","BI","BDI","108",".bi","Чужбина|Чужбина извън ЕС|Чужбина извън Еврозона"
"29","Cambodia","Камбоджа","Kingdom of Cambodia","Independent State",,,"Phnom Penh","KHR","Riels","+855","KH","KHM","116",".kh","Чужбина|Чужбина извън ЕС|Чужбина извън Еврозона"
"30","Cameroon","Камерун","Republic of Cameroon","Independent State",,,"Yaounde","XAF","Franc","+237","CM","CMR","120",".cm","Чужбина|Чужбина извън ЕС|Чужбина извън Еврозона"
"31","Canada","Канада",,"Independent State",,,"Ottawa","CAD","Dollar","+1","CA","CAN","124",".ca","Чужбина|Чужбина извън ЕС|Чужбина извън Еврозона"
"32","Cape Verde","Кабо Верде","Republic of Cape Verde","Independent State",,,"Praia","CVE","Escudo","+238","CV","CPV","132",".cv","Чужбина|Чужбина извън ЕС|Чужбина извън Еврозона"
"33","Central African Republic","Централноафриканска република",,"Independent State",,,"Bangui","XAF","Franc","+236","CF","CAF","140",".cf","Чужбина|Чужбина извън ЕС|Чужбина извън Еврозона"
"34","Chad","Чад","Republic of Chad","Independent State",,,"N'Djamena","XAF","Franc","+235","TD","TCD","148",".td","Чужбина|Чужбина извън ЕС|Чужбина извън Еврозона"
"35","Chile","Чили","Republic of Chile","Independent State",,,"Santiago (administrative/judical) and Valparaiso (legislative)","CLP","Peso","+56","CL","CHL","152",".cl","Чужбина|Чужбина извън ЕС|Чужбина извън Еврозона"
"36","China","Китай","People's Republic of China","Independent State",,,"Beijing","CNY","Yuan Renminbi","+86","CN","CHN","156",".cn","Чужбина|Чужбина извън ЕС|Чужбина извън Еврозона"
"37","Colombia","Колумбия","Republic of Colombia","Independent State",,,"Bogota","COP","Peso","+57","CO","COL","170",".co","Чужбина|Чужбина извън ЕС|Чужбина извън Еврозона"
"38","Comoros","Коморските острови","Union of Comoros","Independent State",,,"Moroni","KMF","Franc","+269","KM","COM","174",".km","Чужбина|Чужбина извън ЕС|Чужбина извън Еврозона"
"39","DR Congo","ДР Конго","Democratic Republic of the Congo","Independent State",,,"Kinshasa","CDF","Franc","+243","CD","COD","180",".cd","Чужбина|Чужбина извън ЕС|Чужбина извън Еврозона"
"40","Republic of the Congo","Република Конго","Republic of the Congo","Independent State",,,"Brazzaville","XAF","Franc","+242","CG","COG","178",".cg","Чужбина|Чужбина извън ЕС|Чужбина извън Еврозона"
"41","Costa Rica","Коста Рика","Republic of Costa Rica","Independent State",,,"San Jose","CRC","Colon","+506","CR","CRI","188",".cr","Чужбина|Чужбина извън ЕС|Чужбина извън Еврозона"
"42","Cote d'Ivoire","Кот д'Ивоар","Republic of Cote d'Ivoire","Independent State",,,"Yamoussoukro","XOF","Franc","+225","CI","CIV","384",".ci","Чужбина|Чужбина извън ЕС|Чужбина извън Еврозона"
"43","Croatia","Хърватия","Republic of Croatia","Independent State",,,"Zagreb","HRK","Kuna","+385","HR","HRV","191",".hr","Чужбина|Европейски съюз|Чужбина ЕС|Чужбина извън Еврозона"
"44","Cuba","Куба","Republic of Cuba","Independent State",,,"Havana","CUP","Peso","+53","CU","CUB","192",".cu","Чужбина|Чужбина извън ЕС|Чужбина извън Еврозона"
"45","Cyprus","Кипър","Republic of Cyprus","Independent State",,,"Nicosia","CYP","Pound","+357","CY","CYP","196",".cy","Чужбина|Европейски съюз|Чужбина ЕС|Еврозона"
"46","Czech Republic","Чехия",,"Independent State",,,"Prague","CZK","Koruna","+420","CZ","CZE","203",".cz","Чужбина|Европейски съюз|Чужбина ЕС|Чужбина извън Еврозона"
"47","Denmark","Дания","Kingdom of Denmark","Independent State",,,"Copenhagen","DKK","Krone","+45","DK","DNK","208",".dk","Чужбина|Европейски съюз|Чужбина ЕС|Чужбина извън Еврозона"
"48","Djibouti","Джибути","Republic of Djibouti","Independent State",,,"Djibouti","DJF","Franc","+253","DJ","DJI","262",".dj","Чужбина|Чужбина извън ЕС|Чужбина извън Еврозона"
"49","Dominica","Доминика","Commonwealth of Dominica","Independent State",,,"Roseau","XCD","Dollar","+1-767","DM","DMA","212",".dm","Чужбина|Чужбина извън ЕС|Чужбина извън Еврозона"
"50","Dominican Republic","Доминиканската република",,"Independent State",,,"Santo Domingo","DOP","Peso","+1-809 and 1-829","DO","DOM","214",".do","Чужбина|Чужбина извън ЕС|Чужбина извън Еврозона"
"51","Ecuador","Еквадор","Republic of Ecuador","Independent State",,,"Quito","USD","Dollar","+593","EC","ECU","218",".ec","Чужбина|Чужбина извън ЕС|Чужбина извън Еврозона"
"52","Egypt","Египет","Arab Republic of Egypt","Independent State",,,"Cairo","EGP","Pound","+20","EG","EGY","818",".eg","Чужбина|Чужбина извън ЕС|Чужбина извън Еврозона"
"53","El Salvador","Ел Салвадор","Republic of El Salvador","Independent State",,,"San Salvador","USD","Dollar","+503","SV","SLV","222",".sv","Чужбина|Чужбина извън ЕС|Чужбина извън Еврозона"
"54","Equatorial Guinea","Екваториална Гвинея","Republic of Equatorial Guinea","Independent State",,,"Malabo","XAF","Franc","+240","GQ","GNQ","226",".gq","Чужбина|Чужбина извън ЕС|Чужбина извън Еврозона"
"55","Eritrea","Еритрея","State of Eritrea","Independent State",,,"Asmara","ERN","Nakfa","+291","ER","ERI","232",".er","Чужбина|Чужбина извън ЕС|Чужбина извън Еврозона"
"56","Estonia","Естония","Republic of Estonia","Independent State",,,"Tallinn","EEK","Kroon","+372","EE","EST","233",".ee","Чужбина|Европейски съюз|Чужбина ЕС|Еврозона"
"57","Ethiopia","Етиопия","Federal Democratic Republic of Ethiopia","Independent State",,,"Addis Ababa","ETB","Birr","+251","ET","ETH","231",".et","Чужбина|Чужбина извън ЕС|Чужбина извън Еврозона"
"58","Fiji","Фиджи","Republic of the Fiji Islands","Independent State",,,"Suva","FJD","Dollar","+679","FJ","FJI","242",".fj","Чужбина|Чужбина извън ЕС|Чужбина извън Еврозона"
"59","Finland","Финландия","Republic of Finland","Independent State",,,"Helsinki","EUR","Euro","+358","FI","FIN","246",".fi","Чужбина|Европейски съюз|Чужбина ЕС|Еврозона"
"60","France","Франция","French Republic","Independent State",,,"Paris","EUR","Euro","+33","FR","FRA","250",".fr","Чужбина|Европейски съюз|Чужбина ЕС|Еврозона"
"61","Gabon","Габон","Gabonese Republic","Independent State",,,"Libreville","XAF","Franc","+241","GA","GAB","266",".ga","Чужбина|Чужбина извън ЕС|Чужбина извън Еврозона"
"62","Gambia, The","Гамбия","Republic of The Gambia","Independent State",,,"Banjul","GMD","Dalasi","+220","GM","GMB","270",".gm","Чужбина|Чужбина извън ЕС|Чужбина извън Еврозона"
"63","Georgia","Грузия","Republic of Georgia","Independent State",,,"Tbilisi","GEL","Lari","+995","GE","GEO","268",".ge","Чужбина|Чужбина извън ЕС|Чужбина извън Еврозона"
"64","Germany","Германия","Federal Republic of Germany","Independent State",,,"Berlin","EUR","Euro","+49","DE","DEU","276",".de","Чужбина|Европейски съюз|Чужбина ЕС|Еврозона"
"65","Ghana","Гана","Republic of Ghana","Independent State",,,"Accra","GHS","Cedi","+233","GH","GHA","288",".gh","Чужбина|Чужбина извън ЕС|Чужбина извън Еврозона"
"66","Greece","Гърция","Hellenic Republic","Independent State",,,"Athens","EUR","Euro","+30","GR","GRC","300",".gr","Чужбина|Европейски съюз|Чужбина ЕС|Еврозона"
"67","Grenada","Гренада",,"Independent State",,,"Saint George's","XCD","Dollar","+1-473","GD","GRD","308",".gd","Чужбина|Чужбина извън ЕС|Чужбина извън Еврозона"
"68","Guatemala","Гватемала","Republic of Guatemala","Independent State",,,"Guatemala","GTQ","Quetzal","+502","GT","GTM","320",".gt","Чужбина|Чужбина извън ЕС|Чужбина извън Еврозона"
"69","Guinea","Гвинея","Republic of Guinea","Independent State",,,"Conakry","GNF","Franc","+224","GN","GIN","324",".gn","Чужбина|Чужбина извън ЕС|Чужбина извън Еврозона"
"70","Guinea-Bissau","Гвинея-Бисау","Republic of Guinea-Bissau","Independent State",,,"Bissau","XOF","Franc","+245","GW","GNB","624",".gw","Чужбина|Чужбина извън ЕС|Чужбина извън Еврозона"
"71","Guyana","Гвиана","Co-operative Republic of Guyana","Independent State",,,"Georgetown","GYD","Dollar","+592","GY","GUY","328",".gy","Чужбина|Чужбина извън ЕС|Чужбина извън Еврозона"
"72","Haiti","Хаити","Republic of Haiti","Independent State",,,"Port-au-Prince","HTG","Gourde","+509","HT","HTI","332",".ht","Чужбина|Чужбина извън ЕС|Чужбина извън Еврозона"
"73","Honduras","Хондурас","Republic of Honduras","Independent State",,,"Tegucigalpa","HNL","Lempira","+504","HN","HND","340",".hn","Чужбина|Чужбина извън ЕС|Чужбина извън Еврозона"
"74","Hungary","Унгария","Republic of Hungary","Independent State",,,"Budapest","HUF","Forint","+36","HU","HUN","348",".hu","Чужбина|Европейски съюз|Чужбина ЕС|Чужбина извън Еврозона"
"75","Iceland","Исландия","Republic of Iceland","Independent State",,,"Reykjavik","ISK","Krona","+354","IS","ISL","352",".is","Чужбина|Чужбина извън ЕС|Чужбина извън Еврозона"
"76","India","Индия","Republic of India","Independent State",,,"New Delhi","INR","Rupee","+91","IN","IND","356",".in","Чужбина|Чужбина извън ЕС|Чужбина извън Еврозона"
"77","Indonesia","Индонезия","Republic of Indonesia","Independent State",,,"Jakarta","IDR","Rupiah","+62","ID","IDN","360",".id","Чужбина|Чужбина извън ЕС|Чужбина извън Еврозона"
"78","Iran","Иран","Islamic Republic of Iran","Independent State",,,"Tehran","IRR","Rial","+98","IR","IRN","364",".ir","Чужбина|Чужбина извън ЕС|Чужбина извън Еврозона"
"79","Iraq","Ирак","Republic of Iraq","Independent State",,,"Baghdad","IQD","Dinar","+964","IQ","IRQ","368",".iq","Чужбина|Чужбина извън ЕС|Чужбина извън Еврозона"
"80","Ireland","Ирландия",,"Independent State",,,"Dublin","EUR","Euro","+353","IE","IRL","372",".ie","Чужбина|Европейски съюз|Чужбина ЕС|Еврозона"
"81","Israel","Израел","State of Israel","Independent State",,,"Jerusalem","ILS","Shekel","+972","IL","ISR","376",".il","Чужбина|Чужбина извън ЕС|Чужбина извън Еврозона"
"82","Italy","Италия","Italian Republic","Independent State",,,"Rome","EUR","Euro","+39","IT","ITA","380",".it","Чужбина|Европейски съюз|Чужбина ЕС|Еврозона"
"83","Jamaica","Ямайка",,"Independent State",,,"Kingston","JMD","Dollar","+1-876","JM","JAM","388",".jm","Чужбина|Чужбина извън ЕС|Чужбина извън Еврозона"
"84","Japan","Япония",,"Independent State",,,"Tokyo","JPY","Yen","+81","JP","JPN","392",".jp","Чужбина|Чужбина извън ЕС|Чужбина извън Еврозона"
"85","Jordan","Йордания","Hashemite Kingdom of Jordan","Independent State",,,"Amman","JOD","Dinar","+962","JO","JOR","400",".jo","Чужбина|Чужбина извън ЕС|Чужбина извън Еврозона"
"86","Kazakhstan","Казахстан","Republic of Kazakhstan","Independent State",,,"Astana","KZT","Tenge","+7","KZ","KAZ","398",".kz","Чужбина|Чужбина извън ЕС|Чужбина извън Еврозона"
"87","Kenya","Кения","Republic of Kenya","Independent State",,,"Nairobi","KES","Shilling","+254","KE","KEN","404",".ke","Чужбина|Чужбина извън ЕС|Чужбина извън Еврозона"
"88","Kiribati","Кирибати","Republic of Kiribati","Independent State",,,"Tarawa","AUD","Dollar","+686","KI","KIR","296",".ki","Чужбина|Чужбина извън ЕС|Чужбина извън Еврозона"
"89","North Korea","Северна Корея","Democratic People's Republic of Korea","Independent State",,,"Pyongyang","KPW","Won","+850","KP","PRK","408",".kp","Чужбина|Чужбина извън ЕС|Чужбина извън Еврозона"
"90","Republic of Korea","Южна Корея","Republic of Korea","Independent State",,,"Seoul","KRW","Won","+82","KR","KOR","410",".kr","Чужбина|Чужбина извън ЕС|Чужбина извън Еврозона"
"91","Kuwait","Кувейт","State of Kuwait","Independent State",,,"Kuwait","KWD","Dinar","+965","KW","KWT","414",".kw","Чужбина|Чужбина извън ЕС|Чужбина извън Еврозона"
"92","Kyrgyzstan","Киргизстан","Kyrgyz Republic","Independent State",,,"Bishkek","KGS","Som","+996","KG","KGZ","417",".kg","Чужбина|Чужбина извън ЕС|Чужбина извън Еврозона"
"93","Laos","Лаос","Lao People's Democratic Republic","Independent State",,,"Vientiane","LAK","Kip","+856","LA","LAO","418",".la","Чужбина|Чужбина извън ЕС|Чужбина извън Еврозона"
"94","Latvia","Латвия","Republic of Latvia","Independent State",,,"Riga","LVL","Lat","+371","LV","LVA","428",".lv","Чужбина|Европейски съюз|Чужбина ЕС|Еврозона"
"95","Lebanon","Ливан","Lebanese Republic","Independent State",,,"Beirut","LBP","Pound","+961","LB","LBN","422",".lb","Чужбина|Чужбина извън ЕС|Чужбина извън Еврозона"
"96","Lesotho","Лесото","Kingdom of Lesotho","Independent State",,,"Maseru","LSL","Loti","+266","LS","LSO","426",".ls","Чужбина|Чужбина извън ЕС|Чужбина извън Еврозона"
"97","Liberia","Либерия","Republic of Liberia","Independent State",,,"Monrovia","LRD","Dollar","+231","LR","LBR","430",".lr","Чужбина|Чужбина извън ЕС|Чужбина извън Еврозона"
"98","Libya","Либия","Great Socialist People's Libyan Arab Jamahiriya","Independent State",,,"Tripoli","LYD","Dinar","+218","LY","LBY","434",".ly","Чужбина|Чужбина извън ЕС|Чужбина извън Еврозона"
"99","Liechtenstein","Лихтенщайн","Principality of Liechtenstein","Independent State",,,"Vaduz","CHF","Franc","+423","LI","LIE","438",".li","Чужбина|Чужбина извън ЕС|Чужбина извън Еврозона"
"100","Lithuania","Литва","Republic of Lithuania","Independent State",,,"Vilnius","LTL","Litas","+370","LT","LTU","440",".lt","Чужбина|Европейски съюз|Чужбина ЕС|Еврозона"
"101","Luxembourg","Люксембург","Grand Duchy of Luxembourg","Independent State",,,"Luxembourg","EUR","Euro","+352","LU","LUX","442",".lu","Чужбина|Европейски съюз|Чужбина ЕС|Еврозона"
"102","Macedonia","Македония","Republic of Macedonia","Independent State",,,"Skopje","MKD","Denar","+389","MK","MKD","807",".mk","Чужбина|Чужбина извън ЕС|Чужбина извън Еврозона"
"103","Madagascar","Мадагаскар","Republic of Madagascar","Independent State",,,"Antananarivo","MGA","Ariary","+261","MG","MDG","450",".mg","Чужбина|Чужбина извън ЕС|Чужбина извън Еврозона"
"104","Malawi","Малави","Republic of Malawi","Independent State",,,"Lilongwe","MWK","Kwacha","+265","MW","MWI","454",".mw","Чужбина|Чужбина извън ЕС|Чужбина извън Еврозона"
"105","Malaysia","Малайзия",,"Independent State",,,"Kuala Lumpur (legislative/judical) and Putrajaya (administrative)","MYR","Ringgit","+60","MY","MYS","458",".my","Чужбина|Чужбина извън ЕС|Чужбина извън Еврозона"
"106","Maldives","Малдивите","Republic of Maldives","Independent State",,,"Male","MVR","Rufiyaa","+960","MV","MDV","462",".mv","Чужбина|Чужбина извън ЕС|Чужбина извън Еврозона"
"107","Mali","Мали","Republic of Mali","Independent State",,,"Bamako","XOF","Franc","+223","ML","MLI","466",".ml","Чужбина|Чужбина извън ЕС|Чужбина извън Еврозона"
"108","Malta","Малта","Republic of Malta","Independent State",,,"Valletta","MTL","Lira","+356","MT","MLT","470",".mt","Чужбина|Европейски съюз|Чужбина ЕС|Еврозона"
"109","Marshall Islands","Маршаловите острови","Republic of the Marshall Islands","Independent State",,,"Majuro","USD","Dollar","+692","MH","MHL","584",".mh","Чужбина|Чужбина извън ЕС|Чужбина извън Еврозона"
"110","Mauritania","Мавритания","Islamic Republic of Mauritania","Independent State",,,"Nouakchott","MRO","Ouguiya","+222","MR","MRT","478",".mr","Чужбина|Чужбина извън ЕС|Чужбина извън Еврозона"
"111","Mauritius","Мавриций","Republic of Mauritius","Independent State",,,"Port Louis","MUR","Rupee","+230","MU","MUS","480",".mu","Чужбина|Чужбина извън ЕС|Чужбина извън Еврозона"
"112","Mexico","Мексико","United Mexican States","Independent State",,,"Mexico","MXN","Peso","+52","MX","MEX","484",".mx","Чужбина|Чужбина извън ЕС|Чужбина извън Еврозона"
"113","Micronesia","Микронезия","Federated States of Micronesia","Independent State",,,"Palikir","USD","Dollar","+691","FM","FSM","583",".fm","Чужбина|Чужбина извън ЕС|Чужбина извън Еврозона"
"114","Moldova","Молдова","Republic of Moldova","Independent State",,,"Chisinau","MDL","Leu","+373","MD","MDA","498",".md","Чужбина|Чужбина извън ЕС|Чужбина извън Еврозона"
"115","Monaco","Монако","Principality of Monaco","Independent State",,,"Monaco","EUR","Euro","+377","MC","MCO","492",".mc","Чужбина|Чужбина извън ЕС|Чужбина извън Еврозона"
"116","Mongolia","Монголия",,"Independent State",,,"Ulaanbaatar","MNT","Tugrik","+976","MN","MNG","496",".mn","Чужбина|Чужбина извън ЕС|Чужбина извън Еврозона"
"117","Montenegro","Черна гора","Republic of Montenegro","Independent State",,,"Podgorica","EUR","Euro","+382","ME","MNE","499",".me and .yu","Чужбина|Чужбина извън ЕС|Чужбина извън Еврозона"
"118","Morocco","Мароко","Kingdom of Morocco","Independent State",,,"Rabat","MAD","Dirham","+212","MA","MAR","504",".ma","Чужбина|Чужбина извън ЕС|Чужбина извън Еврозона"
"119","Mozambique","Мозамбик","Republic of Mozambique","Independent State",,,"Maputo","MZM","Meticail","+258","MZ","MOZ","508",".mz","Чужбина|Чужбина извън ЕС|Чужбина извън Еврозона"
"120","Myanmar","Мианмар","Union of Myanmar","Independent State",,,"Naypyidaw","MMK","Kyat","+95","MM","MMR","104",".mm","Чужбина|Чужбина извън ЕС|Чужбина извън Еврозона"
"121","Namibia","Намибия","Republic of Namibia","Independent State",,,"Windhoek","NAD","Dollar","+264","NA","NAM","516",".na","Чужбина|Чужбина извън ЕС|Чужбина извън Еврозона"
"122","Nauru","Науру","Republic of Nauru","Independent State",,,"Yaren","AUD","Dollar","+674","NR","NRU","520",".nr","Чужбина|Чужбина извън ЕС|Чужбина извън Еврозона"
"123","Nepal","Непал",,"Independent State",,,"Kathmandu","NPR","Rupee","+977","NP","NPL","524",".np","Чужбина|Чужбина извън ЕС|Чужбина извън Еврозона"
"124","Netherlands","Холандия","Kingdom of the Netherlands","Independent State",,,"Amsterdam (administrative) and The Hague (legislative/judical)","EUR","Euro","+31","NL","NLD","528",".nl","Чужбина|Европейски съюз|Чужбина ЕС|Еврозона"
"125","New Zealand","Нова Зеландия",,"Independent State",,,"Wellington","NZD","Dollar","+64","NZ","NZL","554",".nz","Чужбина|Чужбина извън ЕС|Чужбина извън Еврозона"
"126","Nicaragua","Никарагуа","Republic of Nicaragua","Independent State",,,"Managua","NIO","Cordoba","+505","NI","NIC","558",".ni","Чужбина|Чужбина извън ЕС|Чужбина извън Еврозона"
"127","Niger","Нигер","Republic of Niger","Independent State",,,"Niamey","XOF","Franc","+227","NE","NER","562",".ne","Чужбина|Чужбина извън ЕС|Чужбина извън Еврозона"
"128","Nigeria","Нигерия","Federal Republic of Nigeria","Independent State",,,"Abuja","NGN","Naira","+234","NG","NGA","566",".ng","Чужбина|Чужбина извън ЕС|Чужбина извън Еврозона"
"129","Norway","Норвегия","Kingdom of Norway","Independent State",,,"Oslo","NOK","Krone","+47","NO","NOR","578",".no","Чужбина|Чужбина извън ЕС|Чужбина извън Еврозона"
"130","Oman","Оман","Sultanate of Oman","Independent State",,,"Muscat","OMR","Rial","+968","OM","OMN","512",".om","Чужбина|Чужбина извън ЕС|Чужбина извън Еврозона"
"131","Pakistan","Пакистан","Islamic Republic of Pakistan","Independent State",,,"Islamabad","PKR","Rupee","+92","PK","PAK","586",".pk","Чужбина|Чужбина извън ЕС|Чужбина извън Еврозона"
"132","Palau","Палау","Republic of Palau","Independent State",,,"Melekeok","USD","Dollar","+680","PW","PLW","585",".pw","Чужбина|Чужбина извън ЕС|Чужбина извън Еврозона"
"133","Panama","Панама","Republic of Panama","Independent State",,,"Panama","PAB","Balboa","+507","PA","PAN","591",".pa","Чужбина|Чужбина извън ЕС|Чужбина извън Еврозона"
"134","Papua New Guinea","Папуа-Нова Гвинея","Independent State of Papua New Guinea","Independent State",,,"Port Moresby","PGK","Kina","+675","PG","PNG","598",".pg","Чужбина|Чужбина извън ЕС|Чужбина извън Еврозона"
"135","Paraguay","Парагвай","Republic of Paraguay","Independent State",,,"Asuncion","PYG","Guarani","+595","PY","PRY","600",".py","Чужбина|Чужбина извън ЕС|Чужбина извън Еврозона"
"136","Peru","Перу","Republic of Peru","Independent State",,,"Lima","PEN","Sol","+51","PE","PER","604",".pe","Чужбина|Чужбина извън ЕС|Чужбина извън Еврозона"
"137","Philippines","Филипини","Republic of the Philippines","Independent State",,,"Manila","PHP","Peso","+63","PH","PHL","608",".ph","Чужбина|Чужбина извън ЕС|Чужбина извън Еврозона"
"138","Poland","Полша","Republic of Poland","Independent State",,,"Warsaw","PLN","Zloty","+48","PL","POL","616",".pl","Чужбина|Европейски съюз|Чужбина ЕС|Чужбина извън Еврозона"
"139","Portugal","Португалия","Portuguese Republic","Independent State",,,"Lisbon","EUR","Euro","+351","PT","PRT","620",".pt","Чужбина|Европейски съюз|Чужбина ЕС|Еврозона"
"140","Qatar","Катар","State of Qatar","Independent State",,,"Doha","QAR","Rial","+974","QA","QAT","634",".qa","Чужбина|Чужбина извън ЕС|Чужбина извън Еврозона"
"141","Romania","Румъния",,"Independent State",,,"Bucharest","RON","Leu","+40","RO","ROU","642",".ro","Чужбина|Европейски съюз|Чужбина ЕС|Чужбина извън Еврозона"
"142","Russia","Русия","Russian Federation","Independent State",,,"Moscow","RUB","Ruble","+7","RU","RUS","643",".ru and .su","Чужбина|Чужбина извън ЕС|Чужбина извън Еврозона"
"143","Rwanda","Руанда","Republic of Rwanda","Independent State",,,"Kigali","RWF","Franc","+250","RW","RWA","646",".rw","Чужбина|Чужбина извън ЕС|Чужбина извън Еврозона"
"144","Saint Kitts and Nevis","Сейнт Китс и Невис","Federation of Saint Kitts and Nevis","Independent State",,,"Basseterre","XCD","Dollar","+1-869","KN","KNA","659",".kn","Чужбина|Чужбина извън ЕС|Чужбина извън Еврозона"
"145","Saint Lucia","Сейнт Лусия",,"Independent State",,,"Castries","XCD","Dollar","+1-758","LC","LCA","662",".lc","Чужбина|Чужбина извън ЕС|Чужбина извън Еврозона"
"146","Saint Vincent and the Grenadines","Сейнт Винсент и Гренадини",,"Independent State",,,"Kingstown","XCD","Dollar","+1-784","VC","VCT","670",".vc","Чужбина|Чужбина извън ЕС|Чужбина извън Еврозона"
"147","Samoa","Самоа","Independent State of Samoa","Independent State",,,"Apia","WST","Tala","+685","WS","WSM","882",".ws","Чужбина|Чужбина извън ЕС|Чужбина извън Еврозона"
"148","San Marino","Сан Марино","Republic of San Marino","Independent State",,,"San Marino","EUR","Euro","+378","SM","SMR","674",".sm","Чужбина|Чужбина извън ЕС|Чужбина извън Еврозона"
"149","Sao Tome and Principe","Сао Томе и Принсипи","Democratic Republic of Sao Tome and Principe","Independent State",,,"Sao Tome","STD","Dobra","+239","ST","STP","678",".st","Чужбина|Чужбина извън ЕС|Чужбина извън Еврозона"
"150","Saudi Arabia","Саудитска Арабия","Kingdom of Saudi Arabia","Independent State",,,"Riyadh","SAR","Rial","+966","SA","SAU","682",".sa","Чужбина|Чужбина извън ЕС|Чужбина извън Еврозона"
"151","Senegal","Сенегал","Republic of Senegal","Independent State",,,"Dakar","XOF","Franc","+221","SN","SEN","686",".sn","Чужбина|Чужбина извън ЕС|Чужбина извън Еврозона"
"152","Serbia","Сърбия","Republic of Serbia","Independent State",,,"Belgrade","RSD","Dinar","+381","RS","SRB","688",".rs and .yu","Чужбина|Чужбина извън ЕС|Чужбина извън Еврозона"
"153","Seychelles","Сейшелите","Republic of Seychelles","Independent State",,,"Victoria","SCR","Rupee","+248","SC","SYC","690",".sc","Чужбина|Чужбина извън ЕС|Чужбина извън Еврозона"
"154","Sierra Leone","Сиера Леоне","Republic of Sierra Leone","Independent State",,,"Freetown","SLL","Leone","+232","SL","SLE","694",".sl","Чужбина|Чужбина извън ЕС|Чужбина извън Еврозона"
"155","Singapore","Сингапур","Republic of Singapore","Independent State",,,"Singapore","SGD","Dollar","+65","SG","SGP","702",".sg","Чужбина|Чужбина извън ЕС|Чужбина извън Еврозона"
"156","Slovakia","Словакия","Slovak Republic","Independent State",,,"Bratislava","SKK","Koruna","+421","SK","SVK","703",".sk","Чужбина|Европейски съюз|Чужбина ЕС|Еврозона"
"157","Slovenia","Словения","Republic of Slovenia","Independent State",,,"Ljubljana","EUR","Euro","+386","SI","SVN","705",".si","Чужбина|Европейски съюз|Чужбина ЕС|Еврозона"
"158","Solomon Islands","Соломоновите острови",,"Independent State",,,"Honiara","SBD","Dollar","+677","SB","SLB","090",".sb","Чужбина|Чужбина извън ЕС|Чужбина извън Еврозона"
"159","Somalia","Сомалия",,"Independent State",,,"Mogadishu","SOS","Shilling","+252","SO","SOM","706",".so","Чужбина|Чужбина извън ЕС|Чужбина извън Еврозона"
"160","South Africa","Южна Африка","Republic of South Africa","Independent State",,,"Pretoria (administrative), Cape Town (legislative), and Bloemfontein (judical)","ZAR","Rand","+27","ZA","ZAF","710",".za","Чужбина|Чужбина извън ЕС|Чужбина извън Еврозона"
"161","Spain","Испания","Kingdom of Spain","Independent State",,,"Madrid","EUR","Euro","+34","ES","ESP","724",".es","Чужбина|Европейски съюз|Чужбина ЕС|Еврозона"
"162","Sri Lanka","Шри Ланка","Democratic Socialist Republic of Sri Lanka","Independent State",,,"Colombo (administrative/judical) and Sri Jayewardenepura Kotte (legislative)","LKR","Rupee","+94","LK","LKA","144",".lk","Чужбина|Чужбина извън ЕС|Чужбина извън Еврозона"
"163","Sudan","Судан","Republic of the Sudan","Independent State",,,"Khartoum","SDG","Pound","+249","SD","SDN","736",".sd","Чужбина|Чужбина извън ЕС|Чужбина извън Еврозона"
"164","Suriname","Суринам","Republic of Suriname","Independent State",,,"Paramaribo","SRD","Dollar","+597","SR","SUR","740",".sr","Чужбина|Чужбина извън ЕС|Чужбина извън Еврозона"
"165","Swaziland","Свазиленд","Kingdom of Swaziland","Independent State",,,"Mbabane (administrative) and Lobamba (legislative)","SZL","Lilangeni","+268","SZ","SWZ","748",".sz","Чужбина|Чужбина извън ЕС|Чужбина извън Еврозона"
"166","Sweden","Швеция","Kingdom of Sweden","Independent State",,,"Stockholm","SEK","Kronoa","+46","SE","SWE","752",".se","Чужбина|Европейски съюз|Чужбина ЕС|Чужбина извън Еврозона"
"167","Switzerland","Швейцария","Swiss Confederation","Independent State",,,"Bern","CHF","Franc","+41","CH","CHE","756",".ch","Чужбина|Чужбина извън ЕС|Чужбина извън Еврозона"
"168","Syria","Сирия","Syrian Arab Republic","Independent State",,,"Damascus","SYP","Pound","+963","SY","SYR","760",".sy","Чужбина|Чужбина извън ЕС|Чужбина извън Еврозона"
"169","Tajikistan","Таджикистан","Republic of Tajikistan","Independent State",,,"Dushanbe","TJS","Somoni","+992","TJ","TJK","762",".tj","Чужбина|Чужбина извън ЕС|Чужбина извън Еврозона"
"170","Tanzania","Танзания","United Republic of Tanzania","Independent State",,,"Dar es Salaam (administrative/judical) and Dodoma (legislative)","TZS","Shilling","+255","TZ","TZA","834",".tz","Чужбина|Чужбина извън ЕС|Чужбина извън Еврозона"
"171","Thailand","Тайланд","Kingdom of Thailand","Independent State",,,"Bangkok","THB","Baht","+66","TH","THA","764",".th","Чужбина|Чужбина извън ЕС|Чужбина извън Еврозона"
"172","East Timor","Източен Тимор","Democratic Republic of Timor-Leste","Independent State",,,"Dili","USD","Dollar","+670","TL","TLS","626",".tp and .tl","Чужбина|Чужбина извън ЕС|Чужбина извън Еврозона"
"173","Togo","Того","Togolese Republic","Independent State",,,"Lome","XOF","Franc","+228","TG","TGO","768",".tg","Чужбина|Чужбина извън ЕС|Чужбина извън Еврозона"
"174","Tonga","Тонга","Kingdom of Tonga","Independent State",,,"Nuku'alofa","TOP","Pa'anga","+676","TO","TON","776",".to","Чужбина|Чужбина извън ЕС|Чужбина извън Еврозона"
"175","Trinidad and Tobago","Тринидад и Тобаго","Republic of Trinidad and Tobago","Independent State",,,"Port-of-Spain","TTD","Dollar","+1-868","TT","TTO","780",".tt","Чужбина|Чужбина извън ЕС|Чужбина извън Еврозона"
"176","Tunisia","Тунис","Tunisian Republic","Independent State",,,"Tunis","TND","Dinar","+216","TN","TUN","788",".tn","Чужбина|Чужбина извън ЕС|Чужбина извън Еврозона"
"177","Turkey","Турция","Republic of Turkey","Independent State",,,"Ankara","TRY","Lira","+90","TR","TUR","792",".tr","Чужбина|Чужбина извън ЕС|Чужбина извън Еврозона"
"178","Turkmenistan","Туркменистан",,"Independent State",,,"Ashgabat","TMM","Manat","+993","TM","TKM","795",".tm","Чужбина|Чужбина извън ЕС|Чужбина извън Еврозона"
"179","Tuvalu","Тувалу",,"Independent State",,,"Funafuti","AUD","Dollar","+688","TV","TUV","798",".tv","Чужбина|Чужбина извън ЕС|Чужбина извън Еврозона"
"180","Uganda","Уганда","Republic of Uganda","Independent State",,,"Kampala","UGX","Shilling","+256","UG","UGA","800",".ug","Чужбина|Чужбина извън ЕС|Чужбина извън Еврозона"
"181","Ukraine","Украйна",,"Independent State",,,"Kiev","UAH","Hryvnia","+380","UA","UKR","804",".ua","Чужбина|Чужбина извън ЕС|Чужбина извън Еврозона"
"182","United Arab Emirates","Обединените арабски емирства","United Arab Emirates","Independent State",,,"Abu Dhabi","AED","Dirham","+971","AE","ARE","784",".ae","Чужбина|Чужбина извън ЕС|Чужбина извън Еврозона"
"183","United Kingdom","Великобритания","United Kingdom of Great Britain and Northern Ireland","Independent State",,,"London","GBP","Pound","+44","GB","GBR","826",".uk","Чужбина|Европейски съюз|Чужбина ЕС|Чужбина извън Еврозона"
"184","United States","САЩ","United States of America","Independent State",,,"Washington","USD","Dollar","+1","US","USA","840",".us","Чужбина|Чужбина извън ЕС|Чужбина извън Еврозона"
"185","Uruguay","Уругвай","Oriental Republic of Uruguay","Independent State",,,"Montevideo","UYU","Peso","+598","UY","URY","858",".uy","Чужбина|Чужбина извън ЕС|Чужбина извън Еврозона"
"186","Uzbekistan","Узбекистан","Republic of Uzbekistan","Independent State",,,"Tashkent","UZS","Som","+998","UZ","UZB","860",".uz","Чужбина|Чужбина извън ЕС|Чужбина извън Еврозона"
"187","Vanuatu","Вануату","Republic of Vanuatu","Independent State",,,"Port-Vila","VUV","Vatu","+678","VU","VUT","548",".vu","Чужбина|Чужбина извън ЕС|Чужбина извън Еврозона"
"188","Vatican City","Ватикана","State of the Vatican City","Independent State",,,"Vatican City","EUR","Euro","+379","VA","VAT","336",".va","Чужбина|Чужбина извън ЕС|Чужбина извън Еврозона"
"189","Venezuela","Венецуела","Bolivarian Republic of Venezuela","Independent State",,,"Caracas","VEB","Bolivar","+58","VE","VEN","862",".ve","Чужбина|Чужбина извън ЕС|Чужбина извън Еврозона"
"190","Vietnam","Виетнам","Socialist Republic of Vietnam","Independent State",,,"Hanoi","VND","Dong","+84","VN","VNM","704",".vn","Чужбина|Чужбина извън ЕС|Чужбина извън Еврозона"
"191","Yemen","Йемен","Republic of Yemen","Independent State",,,"Sanaa","YER","Rial","+967","YE","YEM","887",".ye","Чужбина|Чужбина извън ЕС|Чужбина извън Еврозона"
"192","Zambia","Замбия","Republic of Zambia","Independent State",,,"Lusaka","ZMK","Kwacha","+260","ZM","ZMB","894",".zm","Чужбина|Чужбина извън ЕС|Чужбина извън Еврозона"
"193","Zimbabwe","Зимбабве","Republic of Zimbabwe","Independent State",,,"Harare","ZWD","Dollar","+263","ZW","ZWE","716",".zw","Чужбина|Чужбина извън ЕС|Чужбина извън Еврозона"
"194","Abkhazia","Абхазия","Republic of Abkhazia","Proto Independent State",,,"Sokhumi","RUB","Ruble","+995","GE","GEO","268",".ge","Чужбина|Чужбина извън ЕС|Чужбина извън Еврозона"
"195","Taiwan","Тайван","Republic of China","Proto Independent State",,,"Taipei","TWD","Dollar","+886","TW","TWN","158",".tw","Чужбина|Чужбина извън ЕС|Чужбина извън Еврозона"
"196","Nagorno-Karabakh","Нагорни Карабах","Nagorno-Karabakh Republic","Proto Independent State",,,"Stepanakert","AMD","Dram","+374-97","AZ","AZE","031",".az","Чужбина|Чужбина извън ЕС|Чужбина извън Еврозона"
"197","Northern Cyprus","Северен Кипър","Turkish Republic of Northern Cyprus","Proto Independent State",,,"Nicosia","TRY","Lira","+90-392","CY","CYP","196",".nc.tr","Чужбина|Чужбина извън ЕС|Чужбина извън Еврозона"
"198","Pridnestrovie","Приднестровието","Pridnestrovian Moldavian Republic","Proto Independent State",,,"Tiraspol",,"Ruple","+373-533","MD","MDA","498",".md","Чужбина|Чужбина извън ЕС|Чужбина извън Еврозона"
"199","Somaliland","Сомалиленд","Republic of Somaliland","Proto Independent State",,,"Hargeisa",,"Shilling","+252","SO","SOM","706",".so","Чужбина|Чужбина извън ЕС|Чужбина извън Еврозона"
"200","South Ossetia","Южна Осетия","Republic of South Ossetia","Proto Independent State",,,"Tskhinvali","RUB and GEL","Ruble and Lari","+995","GE","GEO","268",".ge","Чужбина|Чужбина извън ЕС|Чужбина извън Еврозона"
"201","Ashmore and Cartier Islands","Острови Ашмор и Картие","Territory of Ashmore and Cartier Islands","Dependency","External Territory","Australia",,,,,"AU","AUS","036",".au","Чужбина|Чужбина извън ЕС|Чужбина извън Еврозона"
"202","Christmas Island","Остров Рождество (Коледен остров)","Territory of Christmas Island","Dependency","External Territory","Australia","The Settlement (Flying Fish Cove)","AUD","Dollar","+61","CX","CXR","162",".cx","Чужбина|Чужбина извън ЕС|Чужбина извън Еврозона"
"203","Cocos Islands","Кокосови острови","Territory of Cocos (Keeling) Islands","Dependency","External Territory","Australia","West Island","AUD","Dollar","+61","CC","CCK","166",".cc","Чужбина|Чужбина извън ЕС|Чужбина извън Еврозона"
"204","Coral Sea Islands","Коралови острови","Coral Sea Islands Territory","Dependency","External Territory","Australia",,,,,"AU","AUS","036",".au","Чужбина|Чужбина извън ЕС|Чужбина извън Еврозона"
"205","Heard Island and McDonald Islands","Хърд и Макдоналд острови","Territory of Heard Island and McDonald Islands","Dependency","External Territory","Australia",,,,,"HM","HMD","334",".hm","Чужбина|Чужбина извън ЕС|Чужбина извън Еврозона"
"206","Norfolk Island","Норфолк","Territory of Norfolk Island","Dependency","External Territory","Australia","Kingston","AUD","Dollar","+672","NF","NFK","574",".nf","Чужбина|Чужбина извън ЕС|Чужбина извън Еврозона"
"207","New Caledonia","Нова Каледония",,"Dependency","Sui generis Collectivity","France","Noumea","XPF","Franc","+687","NC","NCL","540",".nc","Чужбина|Чужбина извън ЕС|Чужбина извън Еврозона"
"208","French Polynesia","Френска Полинезия","Overseas Country of French Polynesia","Dependency","Overseas Collectivity","France","Papeete","XPF","Franc","+689","PF","PYF","258",".pf","Чужбина|Чужбина извън ЕС|Чужбина извън Еврозона"
"209","Mayotte","Майот","Departmental Collectivity of Mayotte","Dependency","Overseas Collectivity","France","Mamoudzou","EUR","Euro","+262","YT","MYT","175",".yt","Чужбина|Чужбина извън ЕС|Чужбина извън Еврозона"
"210","Saint Barthelemy","Сен Бартелеми","Collectivity of Saint Barthelemy","Dependency","Overseas Collectivity","France","Gustavia","EUR","Euro","+590","GP","GLP","312",".gp","Чужбина|Чужбина извън ЕС|Чужбина извън Еврозона"
"211","Saint Martin","Сен Мартен","Collectivity of Saint Martin","Dependency","Overseas Collectivity","France","Marigot","EUR","Euro","+590","GP","GLP","312",".gp","Чужбина|Чужбина извън ЕС|Чужбина извън Еврозона"
"212","Saint Pierre and Miquelon","Сен Пиер и Микелон","Territorial Collectivity of Saint Pierre and Miquelon","Dependency","Overseas Collectivity","France","Saint-Pierre","EUR","Euro","+508","PM","SPM","666",".pm","Чужбина|Чужбина извън ЕС|Чужбина извън Еврозона"
"213","Wallis and Futuna","Уолис и Футуна","Collectivity of the Wallis and Futuna Islands","Dependency","Overseas Collectivity","France","Mata'utu","XPF","Franc","+681","WF","WLF","876",".wf","Чужбина|Чужбина извън ЕС|Чужбина извън Еврозона"
"214","French Southern and Antarctic Lands","Френски южни и антарктически територии","Territory of the French Southern and Antarctic Lands","Dependency","Overseas Territory","France","Martin-de-Viviиs",,,,"TF","ATF","260",".tf","Чужбина|Чужбина извън ЕС|Чужбина извън Еврозона"
"215","Clipperton Island","Остров Клипертон",,"Dependency","Possession","France",,,,,"PF","PYF","258",".pf","Чужбина|Чужбина извън ЕС|Чужбина извън Еврозона"
"216","Bouvet Island","Остров Буве",,"Dependency","Territory","Norway",,,,,"BV","BVT","074",".bv","Чужбина|Чужбина извън ЕС|Чужбина извън Еврозона"
"217","Cook Islands","Острови Кук",,"Dependency","Self-Governing in Free Association","New Zealand","Avarua","NZD","Dollar","+682","CK","COK","184",".ck","Чужбина|Чужбина извън ЕС|Чужбина извън Еврозона"
"218","Niue","Ниуе",,"Dependency","Self-Governing in Free Association","New Zealand","Alofi","NZD","Dollar","+683","NU","NIU","570",".nu","Чужбина|Чужбина извън ЕС|Чужбина извън Еврозона"
"219","Tokelau","Токелау",,"Dependency","Territory","New Zealand",,"NZD","Dollar","+690","TK","TKL","772",".tk","Чужбина|Чужбина извън ЕС|Чужбина извън Еврозона"
"220","Guernsey","Гърнси","Bailiwick of Guernsey","Dependency","Crown Dependency","United Kingdom","Saint Peter Port","GGP","Pound","+44","GG","GGY","831",".gg","Чужбина|Чужбина извън ЕС|Чужбина извън Еврозона"
"221","Isle of Man","Остров Ман",,"Dependency","Crown Dependency","United Kingdom","Douglas","IMP","Pound","+44","IM","IMN","833",".im","Чужбина|Чужбина извън ЕС|Чужбина извън Еврозона"
"222","Jersey","Департаментът Джърси","Bailiwick of Jersey","Dependency","Crown Dependency","United Kingdom","Saint Helier","JEP","Pound","+44","JE","JEY","832",".je","Чужбина|Чужбина извън ЕС|Чужбина извън Еврозона"
"223","Anguilla","Ангуила",,"Dependency","Overseas Territory","United Kingdom","The Valley","XCD","Dollar","+1-264","AI","AIA","660",".ai","Чужбина|Чужбина извън ЕС|Чужбина извън Еврозона"
"224","Bermuda","Бермуда",,"Dependency","Overseas Territory","United Kingdom","Hamilton","BMD","Dollar","+1-441","BM","BMU","060",".bm","Чужбина|Чужбина извън ЕС|Чужбина извън Еврозона"
"225","British Indian Ocean Territory","Британската територия в Индийския океан",,"Dependency","Overseas Territory","United Kingdom",,,,"+246","IO","IOT","086",".io","Чужбина|Чужбина извън ЕС|Чужбина извън Еврозона"
"226","British Sovereign Base Areas","Акротири и Декелия",,"Dependency","Overseas Territory","United Kingdom","Episkopi","CYP","Pound","+357","GB",,,,"Чужбина|Чужбина извън ЕС|Чужбина извън Еврозона"
"227","British Virgin Islands","Британски Вирджински острови",,"Dependency","Overseas Territory","United Kingdom","Road Town","USD","Dollar","+1-284","VG","VGB","092",".vg","Чужбина|Чужбина извън ЕС|Чужбина извън Еврозона"
"228","Cayman Islands","Каймановите острови",,"Dependency","Overseas Territory","United Kingdom","George Town","KYD","Dollar","+1-345","KY","CYM","136",".ky","Чужбина|Чужбина извън ЕС|Чужбина извън Еврозона"
"229","Falkland Islands","Фолклендски острови",,"Dependency","Overseas Territory","United Kingdom","Stanley","FKP","Pound","+500","FK","FLK","238",".fk","Чужбина|Чужбина извън ЕС|Чужбина извън Еврозона"
"230","Gibraltar","Гибралтар",,"Dependency","Overseas Territory","United Kingdom","Gibraltar","GIP","Pound","+350","GI","GIB","292",".gi","Чужбина|Чужбина извън ЕС|Чужбина извън Еврозона"
"231","Montserrat","Монсерат",,"Dependency","Overseas Territory","United Kingdom","Plymouth","XCD","Dollar","+1-664","MS","MSR","500",".ms","Чужбина|Чужбина извън ЕС|Чужбина извън Еврозона"
"232","Pitcairn Islands","Острови Питкерн",,"Dependency","Overseas Territory","United Kingdom","Adamstown","NZD","Dollar",,"PN","PCN","612",".pn","Чужбина|Чужбина извън ЕС|Чужбина извън Еврозона"
"233","Saint Helena","Света Елена",,"Dependency","Overseas Territory","United Kingdom","Jamestown","SHP","Pound","+290","SH","SHN","654",".sh","Чужбина|Чужбина извън ЕС|Чужбина извън Еврозона"
"234","South Georgia and the South Sandwich Islands","Южна Джорджия и Южни Сандвичеви острови",,"Dependency","Overseas Territory","United Kingdom",,,,,"GS","SGS","239",".gs","Чужбина|Чужбина извън ЕС|Чужбина извън Еврозона"
"235","Turks and Caicos Islands","Търкс и Кайкос",,"Dependency","Overseas Territory","United Kingdom","Grand Turk","USD","Dollar","+1-649","TC","TCA","796",".tc","Чужбина|Чужбина извън ЕС|Чужбина извън Еврозона"
"236","Northern Mariana Islands","Северни Мариански острови","Commonwealth of The Northern Mariana Islands","Dependency","Commonwealth","United States","Saipan","USD","Dollar","+1-670","MP","MNP","580",".mp","Чужбина|Чужбина извън ЕС|Чужбина извън Еврозона"
"237","Puerto Rico","Пуерто Рико","Commonwealth of Puerto Rico","Dependency","Commonwealth","United States","San Juan","USD","Dollar","+1-787 and 1-939","PR","PRI","630",".pr","Чужбина|Чужбина извън ЕС|Чужбина извън Еврозона"
"238","American Samoa","Американска Самоа","Territory of American Samoa","Dependency","Territory","United States","Pago Pago","USD","Dollar","+1-684","AS","ASM","016",".as","Чужбина|Чужбина извън ЕС|Чужбина извън Еврозона"
"239","Baker Island","Остров Бейкър",,"Dependency","Territory","United States",,,,,"UM","UMI","581",,"Чужбина|Чужбина извън ЕС|Чужбина извън Еврозона"
"240","Guam","Гуам","Territory of Guam","Dependency","Territory","United States","Hagatna","USD","Dollar","+1-671","GU","GUM","316",".gu","Чужбина|Чужбина извън ЕС|Чужбина извън Еврозона"
"241","Howland Island","Остров Хауланд",,"Dependency","Territory","United States",,,,,"UM","UMI","581",,"Чужбина|Чужбина извън ЕС|Чужбина извън Еврозона"
"242","Jarvis Island","Остров Джарвис",,"Dependency","Territory","United States",,,,,"UM","UMI","581",,"Чужбина|Чужбина извън ЕС|Чужбина извън Еврозона"
"243","Johnston Atoll","Атол Джонстън",,"Dependency","Territory","United States",,,,,"UM","UMI","581",,"Чужбина|Чужбина извън ЕС|Чужбина извън Еврозона"
"244","Kingman Reef","Кингман (риф)",,"Dependency","Territory","United States",,,,,"UM","UMI","581",,"Чужбина|Чужбина извън ЕС|Чужбина извън Еврозона"
"245","Midway Islands","Среден Атол",,"Dependency","Territory","United States",,,,,"UM","UMI","581",,"Чужбина|Чужбина извън ЕС|Чужбина извън Еврозона"
"246","Navassa Island","Наваса",,"Dependency","Territory","United States",,,,,"UM","UMI","581",,"Чужбина|Чужбина извън ЕС|Чужбина извън Еврозона"
"247","Palmyra Atoll","Палмира",,"Dependency","Territory","United States",,,,,"UM","UMI","581",,"Чужбина|Чужбина извън ЕС|Чужбина извън Еврозона"
"248","U.S. Virgin Islands","Американски Вирджински острови","United States Virgin Islands","Dependency","Territory","United States","Charlotte Amalie","USD","Dollar","+1-340","VI","VIR","850",".vi","Чужбина|Чужбина извън ЕС|Чужбина извън Еврозона"
"249","Wake Island","Уейк",,"Dependency","Territory","United States",,,,,"UM","UMI","850",,"Чужбина|Чужбина извън ЕС|Чужбина извън Еврозона"
"250","Hong Kong","Хонконг","Hong Kong Special Administrative Region","Proto Dependency","Special Administrative Region","China",,"HKD","Dollar","+852","HK","HKG","344",".hk","Чужбина|Чужбина извън ЕС|Чужбина извън Еврозона"
"251","Macau","Макао","Macau Special Administrative Region","Proto Dependency","Special Administrative Region","China","Macau","MOP","Pataca","+853","MO","MAC","446",".mo","Чужбина|Чужбина извън ЕС|Чужбина извън Еврозона"
"252","Faroe Islands","Фарьорските острови",,"Proto Dependency",,"Denmark","Torshavn","DKK","Krone","+298","FO","FRO","234",".fo","Чужбина|Чужбина извън ЕС|Чужбина извън Еврозона"
"253","Greenland","Гренландия",,"Proto Dependency",,"Denmark","Nuuk (Godthab)","DKK","Krone","+299","GL","GRL","304",".gl","Чужбина|Чужбина извън ЕС|Чужбина извън Еврозона"
"254","French Guiana","Френска Гвиана","Overseas Region of Guiana","Proto Dependency","Overseas Region","France","Cayenne","EUR","Euro","+594","GF","GUF","254",".gf","Чужбина|Чужбина извън ЕС|Чужбина извън Еврозона"
"255","Guadeloupe","Гваделупа","Overseas Region of Guadeloupe","Proto Dependency","Overseas Region","France","Basse-Terre","EUR","Euro","+590","GP","GLP","312",".gp","Чужбина|Чужбина извън ЕС|Чужбина извън Еврозона"
"256","Martinique","Мартиника","Overseas Region of Martinique","Proto Dependency","Overseas Region","France","Fort-de-France","EUR","Euro","+596","MQ","MTQ","474",".mq","Чужбина|Чужбина извън ЕС|Чужбина извън Еврозона"
"257","Reunion","Реюнион","Overseas Region of Reunion","Proto Dependency","Overseas Region","France","Saint-Denis","EUR","Euro","+262","RE","REU","638",".re","Чужбина|Чужбина извън ЕС|Чужбина извън Еврозона"
"258","Aland","Аландски острови",,"Proto Dependency",,"Finland","Mariehamn","EUR","Euro","+358-18","AX","ALA","248",".ax","Чужбина|Чужбина извън ЕС|Чужбина извън Еврозона"
"259","Aruba","Аруба",,"Proto Dependency",,"Netherlands","Oranjestad","AWG","Guilder","+297","AW","ABW","533",".aw","Чужбина|Чужбина извън ЕС|Чужбина извън Еврозона"
"260","Netherlands Antilles","Нидерландските Антили",,"Proto Dependency",,"Netherlands","Willemstad","ANG","Guilder","+599","AN","ANT","530",".an","Чужбина|Чужбина извън ЕС|Чужбина извън Еврозона"
"261","Svalbard","Свалбард",,"Proto Dependency",,"Norway","Longyearbyen","NOK","Krone","+47","SJ","SJM","744",".sj","Чужбина|Чужбина извън ЕС|Чужбина извън Еврозона"
"262","Ascension","Остров Възнесение",,"Proto Dependency","Dependency of Saint Helena","United Kingdom","Georgetown","SHP","Pound","+247","AC","ASC",,".ac","Чужбина|Чужбина извън ЕС|Чужбина извън Еврозона"
"263","Tristan da Cunha","Тристан да Куня",,"Proto Dependency","Dependency of Saint Helena","United Kingdom","Edinburgh","SHP","Pound","+290","TA","TAA",,,"Чужбина|Чужбина извън ЕС|Чужбина извън Еврозона"
"264","Antarctica","Антарктида",,"Disputed Territory",,"Undetermined",,,,,"AQ","ATA","010",".aq","Чужбина|Чужбина извън ЕС|Чужбина извън Еврозона"
"265","Kosovo","Косово",,"Disputed Territory",,"Administrated by the UN","Pristina","CSD and EUR","Dinar and Euro","+381","CS","SCG","891",".cs and .yu","Чужбина|Чужбина извън ЕС|Чужбина извън Еврозона"
"266","Palestina","Палестина",,"Disputed Territory",,"Administrated by Israel","Gaza City (Gaza Strip) and Ramallah (West Bank)","ILS","Shekel","+970","PS","PSE","275",".ps","Чужбина|Чужбина извън ЕС|Чужбина извън Еврозона"
"267","Western Sahara","Западна Сахара",,"Disputed Territory",,"Administrated by Morocco","El-Aaiun","MAD","Dirham","+212","EH","ESH","732",".eh","Чужбина|Чужбина извън ЕС|Чужбина извън Еврозона"
"268","Australian Antarctic Territory","Австралийската антарктическа територия",,"Antarctic Territory","External Territory","Australia",,,,,"AQ","ATA","010",".aq","Чужбина|Чужбина извън ЕС|Чужбина извън Еврозона"
"269","Ross Dependency","Остров Рос",,"Antarctic Territory","Territory","New Zealand",,,,,"AQ","ATA","010",".aq","Чужбина|Чужбина извън ЕС|Чужбина извън Еврозона"
"270","Peter I Island","Остров Петър I",,"Antarctic Territory","Territory","Norway",,,,,"AQ","ATA","010",".aq","Чужбина|Чужбина извън ЕС|Чужбина извън Еврозона"
"271","Queen Maud Land","Земята на кралица Мод",,"Antarctic Territory","Territory","Norway",,,,,"AQ","ATA","010",".aq","Чужбина|Чужбина извън ЕС|Чужбина извън Еврозона"
"272","British Antarctic Territory","Британска антарктическа територия",,"Antarctic Territory","Overseas Territory","United Kingdom",,,,,"AQ","ATA","010",".aq","Чужбина|Чужбина извън ЕС|Чужбина извън Еврозона"